{
  "timeSpent": 0.36444269745686375,
  "scrollCount": 0.032045575408145795,
  "scrollDepth": 0.33916750133394175,
  "clickCount": 0.05699945707525847,
  "tabSwitches": 0.057652887299386384,
  "videoWatchTime": 0.14969188142640394
}